id,name,omim_no,,
1,"Phenylalanine hydroxylase deficiency, classic PKU",261600,,
3,GTP cyclohydrolase I deficiency,233910,,
4,6-Pyruvoyl-tetrahydropterin synthase deficiency,261640,,
5,Dihydropteridine reductase deficiency,261630,,
6,Pterin carbinolamine-4a-dehydratase deficiency,264070,,
7,Autosomal dominant GTPCH deficiency ,600225,,
8,Sepiapterin reductase deficiency,182125,,
9,Carnitine transporter deficiency,212140,,
11,Carbamoyl phosphate synthetase I deficiency,237300,,
12,N-Acetylglutamate synthase deficiency,237310,,
13,Ornithine transcarbamylase deficiency,311250,,
14,Argininosuccinate synthetase deficiency,215700,,
15,Argininosuccinate lyase deficiency,207900,,
16,Arginase 1 deficiency,207800,,
17,Mitochondrial ornithine transporter deficiency ,238970,,
18,Citrin deficiency ,605814;603471,,
19,Tyrosinaemia type I,276700,,
20,Tyrosinemia type II,276600,,
21,Tyrosinaemia type III,276710,,
22,Hawkinsinuria,140350,,
23,Alkaptonuria,203500,,
24,Methionine adenosyltransferase I/III deficiency,250850,,
25,Glycine N-methyltransferase deficiency,606664,,
26,S-adenosylhomocysteine hydrolase deficiency,613752,,
27,Cystathionine beta-synthase deficiency,236200,,
28,Cystathionase deficiency,219500,,
29,Sufite oxidase deficiency,272300,,
30,Methionine synthase deficiency - cblG,250940,,
31,Methionine synthase reductase deficiency-cblE,236270,,
32,Glycine encephalopathy due to glycine decarboxylase deficiency,238300,,
33,Phosphoglycerate dehydrogenase deficiency,606879;601851,,
34,Phosphoserine phosphatase deficiency,172480;614023,,
35,Phosphoserine aminotransferase deficiency,610992;610936,,
36,GABA transaminase deficiency,137150;613163,,
37,Succinic semialdehyde dehydrogenase deficiency,271980;610045,,
38,Hyperprolinaemia type II,239510,,
39,Iminoglycinuria,242600,,
40,Hyperprolinemia type I,239500,,
41,Glutamine synthetase deficiency,610015,,
42,"Pyrroline-5-carboxylate synthetase deficiency, spastic paraplegia type 9A",138250;219150,,
43,Hyperlysinemia and saccharopinuria,268700,,
45,Histidinemia,235800,,
46,Urocanase deficiency,276880,,
47,Glutamate formimino transferase deficiency,229100,,
48,Cystinuria type A,220100,,
49,Dicarboxylic aminoaciduria,222730,,
50,Hartnup disorder,234500,,
51,Lysinuric protein intolerance,222700,,
52,Prolidase deficiency,170100;613230,,
53,Carnosinemia and homocarnosinosis,212200,,
55,Maple syrup urine disease type 1a,248600,,
56,Isovaleric acidemia,243500,,
57,Methylcrotonylglycinuria type 1,210200,,
58,Methylglutaconic aciduria type I,250950,,
59,Barth syndrome,302060,,
60,Costeff syndrome,258501,,
61,Methylglutaconic aciduria type IV,250951,,
62,3-Hydroxy-3-methyl glutaric aciduria,246450,,
63,2-Methylbutyrylglycinuria,610006,,
64,2-Methyl-3-hydroxybutyryl-CoA dehydrogenase deficiency,300438,,
65,Alpha-methylacetoacetic aciduria,203750,,
66,3-Hydroxyisobutyryl-CoA deacylase deficiency,250620,,
67,3-Hydroxyisobutyrate dehydrogenase deficiency,608475,,
68,Propionic acidemia PCCA,232000,,
69,Methylmalonic aciduria due to methylmalonyl-CoA mutase deficiency,251000,,
70,Hereditary folate malabsorption,229050,,
71,Folate receptor alpha deficiency,613068,,
72,Methylenetetrahydrofolate reductase deficiency,236250,,
73,Dihydrofolate reductase deficiency,126060,,
74,Cerebral folate deficiency due to FOLR1 autoantibodies,,,
75,Alpha-amino adipic semialdehyde (AASA) dehydrogenase  deficiency,266100,,
76,Pyridox(am)ine 5´- phosphate oxidase deficiency,610090,,
77,Molybdenum cofactor deficiency A,603707,,
78,Molybdenum cofactor deficiency B,603708,,
79,Molybdenum cofactor deficiency C,603930,,
80,Intrinsic factor deficiency,261000,,
82,Cubilin deficiency,261100,,
83,Amnionless deficiency,261100,,
84,Haptocorrin deficiency,193090,,
85,Transcobalamin deficiency,275350,,
86,Adenosylcobalamin synthesis defect - cbl A,251100,,
87,Adenosylcobalamin synthesis defect - cbl B,251110,,
88,Adenosylcobalamin synthesis defect - cblD-MMA,277410,,
89,Methylcobalamin synthesis defect - cblD-HC,277410,,
90,Adenosylcobalamin and methylcobalamin synthesis defect - cblC,277400,,
91,Adenosylcobalamin and methylcobalamin synthesis defect - cblF,277380,,
92,Transcobalamin receptor defect,613646,,
93,Biotinidase deficiency,253260,,
94,Holocarboxylase synthetase deficiency,253270,,
95,Thiamine-responsive megaloblastic anemia syndrome (SLC19A2),603941,,
96,Primary hyperoxaluria type I,259900,,
97,Primary hyperoxaluria type II,260000,,
99,Tyrosine hydroxylase deficiency,191290,,
100,Aromatic L-amino acid decarboxylase deficiency,608643,,
101,Dopamine beta-hydroxylase deficiency,223360,,
102,Monoamine oxidase A deficiency,309850,,
103,Dopamine transporter deficiency,613135;126455,,
104,Guanidinoacetate methyltransferase deficiency,612736,,
105,Arginine:glycine amidinotransferase deficiency,612718,,
106,Creatine transporter deficiency,300352,,
107,Erythropoietic protoporphyria,177000,,
108,X-linked dominant protoporphyria,300752,,
109,Porphyria variegata,176200,,
110,X-linked sideroblastic anaemia,300751,,
111,Congenital erythropoietic porphyria,263700,,
112,Acute intermittent porphyria,176000,,
113,Hereditary coproporphyria,121300,,
114,"Porphyria cutanea tarda type I, II and III and hepatoerythropoietic porphyria",176100,,
115,Delta-aminolevulinate dehydratase deficiency,125270,,
116,Lipoid adrenal hyperplasia,201710,,
117,17-alpha-hydroxylase,202110,,
118,3-beta-hydroxysteroid dehydrogenase type II,201810,,
119,21-hydroxylase deficiency,201910,,
120,11-beta-hydroxylase type I deficiency,202010,,
121,Corticosterone methyl oxidase  deficiency,124080,,
122,Glucocorticoid suppressible hyperaldosteronism 1,103900,,
123,Apparent mineralocorticoid excess,218030,,
124,Cortisone Reductase Deficiency type 1,604931,,
125,"17,20-lyase deficiency",202110,,
126,17-beta-hydroxysteroid dehydrogenase deficiency,264300,,
127,5-alpha-reductase type II deficiency,264600,,
128,Aromatase deficiency,107910,,
129,Androgen insensitivity syndrome,300068,,
130,Estrogen resistance,133430,,
131,Progesterone resistance,264080,,
132,Glucocorticoid resistance,138040,,
133,Pseudohypoaldosteronism,264350,,
134,Branched-chain aminotransferase 2 deficiency,238340; 113530,,
135,Isobutyryl CoA dehydrogenase deficiency,611283,,
136,Methylmalonate semialdehyde dehydrogenase deficiency,603178,,
137,Cysteinyl leukotriene synthase 4 deficiency,246530,,
139,Membrane-bound dipeptidase deficiency,179780,,
140,Adenylosuccinate lyase deficiency,103050;608222,,
141,AICAR transformylase/IMP cyclohydrolase deficiency,608688;601731,,
142,Adenosine deaminase deficiency,102700,,
143,Mitochondrial DNA depletion syndrome 3 (hepatocerebral type),251880;601465,,
144,Adenosine monophosphate deaminase deficiency,102770,,
145,Hypoxanthine guanine phosphoribosyltransferase deficiency,300322;308000,,
146,Adenine phosphoribosyl transferase deficiency,102600,,
147,Phosphoribosyl pyrophosphate synthetase 1 deficiency,311850,,
148,"Inosine triphosphatase deficiency, erythrocyte",147520,,
149,Purine nucleoside phosphorylase deficiency,613179;164050,,
150,Mitochondrial ribonucelotide reductase subunit 2 deficiency,604712,,
151,Thiopurine S-methyltransferase deficiency,610460;187680,,
152,Orotic aciduria type I,258900,,
154,Pyrimidine-5'-nucleotidase I deficiency,266120;606224;191720,,
155,Dihydroorotate dehydrogenase deficiency,263750;126064,,
156,Pyrimidine 5’-nucleotidase superactivity,266120;197720,,
157,Thymidine phosphorylase deficiency,131222; 603041,,
158,Mitochondrial thymidine kinase 2 deficiency,609560;188250,,
159,Dihydropyrimidine dehydrogenase deficiency,274270;612779,,
160,Beta-ureidopropionase deficiency,613161;606673,,
161,Beta-alanine alpha-ketoglutarate transaminase deficiency,237400,,
163,Glutaric aciduria type I,231670,,
164,Canavan disease,271900,,
165,L-2-hydroxyglutaric aciduria,236792,,
166,D-2-hydroxyglutaric aciduria type I,600721,,
167,D-2-hydroxyglutaric aciduria type II,613657,,
170,Sarcosinemia,268900,,
172,Mitochondrial sulfur dioxygenase deficiency,602473;608451,,
173,2-Oxoglutaric aciduria,203740,,
174,Fumarase deficiency,606812,,
175,Succinyl-CoA:3-oxoacid CoA transferase deficiency,245050,,
176,3-Hydroxy-3-methylglutaryl-CoA synthase deficiency,605911,,
177,Malonic aciduria,248360,,
178,Isolated deficiency of long-chain 3-hydroxyacyl-CoA dehydrogenase,600890,,
179,3β-Hydroxy-Δ5-C27-steroid dehydrogenase/isomerase deficiency,607764,,
180,Δ4-3-Oxosteroid-5β-reductase deficiency,604741,,
181,Oxysterol 7α-hydroxylase deficiency,603711,,
182,Cholesterol 7α-hydroxylase deficiency,118455,,
183,Sterol 27-hydroxylase deficiency,213700,,
184,Bile acid-CoA ligase deficiency,603314,,
185,ATP8B1 deficiency,211600,,
186,ABCB11 deficiency,603201,,
187,Bile acid-CoA:aminoacid N-acyl transferase deficiency,602938,,
188,α-Methylacyl-CoA racemase deficiency,604489,,
189,Transaldolase deficiency,606003,,
190,Ribose-5-phosphate isomerase deficiency,608611,,
191,Hyper Ig D syndrome,260920,,
192,Smith-Lemli-Opitz syndrome,270400,,
193,"Chondrodysplasia punctata 2, dominat",302960,,
194,"CHILD syndrome, dominant",308050,,
195,Desmosterolosis,602398,,
196,Lathosterolosis,607330,,
197,Sterol C14 reductase deficiency,215140,,
198,Antley-Bixler syndrome,201750,,
199,Menkes disease,309400,,
200,Occipital horn syndrome,304150,,
201,Wilson disease,277900,,
202,Acrodermatitis enteropathica,201100,,
203,Hereditary hemochromatosis (type 1),235200,,
204,Herediatry hemochromatosis (type 2a),602390,,
205,Neonatal hemochromatosis,231100,,
206,Atransferrinemia,209300,,
207,Pulmonary hemosiderosis,178550,,
208,GRACILE syndrome,603358,,
209,Neurodegeneration with brain iron accumulation 1,234200,,
210,Trimethylaminuria,602079,,
211,Dimethylglycinuria,605849,,
213,ATP-sensitive potassium channel pore-forming subunit deficiency,601820,,
214,Glutathionuria,231950,,
215,Oxoprolinuria,260005,,
216,Gamma-glutamylcysteine synthetase deficiency,230450,,
217,"Glutathione synthetase deficiency, mild",266130,,
218,Pyruvate carboxylase deficiency,266150,,
220,Pyruvate dehydrogenase complex deficiency E1a,312170,,
221,Pyruvate dehydrogenase complex deficiency E1b,179060,,
222,Pyruvate dehydrogenase complex deficiency E2,245348,,
223,Pyruvate dehydrogenase complex deficiency E3,248600,,
224,Pyruvate dehydrogenase complex deficiency E3 X,245349,,
225,Pyruvate dehydrogenase complex deficiency PDHP,608782,,
228,Carnitine palmitoyltransferase 1 deficiency,255120,,
229,Carnitine acylcarnitine translocase deficiency (30 patients),212138,,
230,Carnitine palmitoyltransferase 2 deficiency,255110,,
231,Very long - chain acyl CoA dehydrogenase deficiency,201475,,
232,Trifunctional protein α subunit deficiency,609015,,
233,Isolated deficiency of long-chain 3-ketoacyl CoA thiolase (1 patient),143450,,
234,Medium - chain acyl CoA dehydrogenase deficiency,201450,,
235,Short - chain acyl CoA dehydrogenase deficiency,201470,,
236,Short-chain 3-hydroxyacyl-CoA dehydrogenase deficiency,231530,,
237,Electron transfer flavoprotein α subunit deficiency,231680,,
238,Riboflavin-responsive multiple acyl-CoA dehydrogenase deficiency,231675,,
239,Multiple acyl-CoA dehydrogenase deficiency DH,231675,,
240,P450 oxidoreductase deficiency,613571,,
241,"Hurler, Scheie disease",607014;607015;607016,,
242,Hunter disease,309900,,
243,Sanfilippo A disease,252900,,
244,Sanfilippo B disease,252920,,
245,Sanfilippo C disease,252930,,
246,Sanfilippo D disease,252940,,
247,Morquio A disease,253000,,
248,Morquio B disease,253010,,
249,Maroteaux - Lamy disease,253200,,
250,Sly disease,253220,,
251,Hyaluronidase deficiency,601492,,
252,"Prenyl diphosphate synthase, subunit 1 (PDSS1) deficiency",607429;607426,,
253,"Prenyl diphosphate synthase, subunit 2 (PDSS2) deficiency",610564;607426,,
254,CoQ2 deficiency,609825;607426,,
255,CoQ9 deficiency,612837;607426,,
256,CABC1/ADCK3 deficiency,606980;607426,,
257,Ataxia oculomotor apraxia 1 (AOA1),606350,,
258,Aspartylglucosaminuria,208400,,
259,Fucosidosis,230000,,
260,Mannosidosis,248500,,
261,Beta-mannosidosis,248510,,
262,Schindler disease type I,609241,,
263,Kanzaki disease,609242,,
264,Schindler disease type III,609241,,
265,Sialidosis,256550,,
267,Infantile sialic acid storage disease,269920,,
268,Dihydropyrimidinase deficiency,222748;613326,,
269,Methylacetoacetyl-CoA thiolase deficiency,614055,,
270,Cytosolic acetoacetyl-CoA thiolase deficiency,100678,,
272,Zellweger spectrum disorders - Peroxin 1 deficiency,234580; 214100; 601539,,
273,Peroxisomal acyl-CoA oxidase 1 deficiency,264470,,
274,D-Bifunctional protein deficiency,261515,,
277,Rhizomelic chondrodysplasia punctata type 1 (PEX deficiency),215100,,
278,Rhizomelic chondrodysplasia punctata type 2,602744,,
279,Rhizomelic chondrodysplasia punctata type 3,600121,,
280,X-linked adrenoleukodystrophy and adrenomyeloneuropathy,300100,,
281,"Refsum disease (classic, adult)",266500,,
282,Peroxisomal and mitochondrial fission defect,614388,,
284,GM1-gangliosidosis,230500,,
285,Sandhoff disease,268800,,
286,Tay-Sachs disease,272800,,
287,GM2-gangliosidosis AB variant,272750,,
288,Gaucher disease,230800,,
289,Krabbe disease,245200,,
290,Metachromatic leukodystrophy,250100,,
291,Combinded saposin deficiency,611721,,
292,Krabbe disease-like disorder due to saposin A deficiency,611722,,
293,Metachromatic leukodystrophy-like disorder due to saposin B deficiency,249900,,
294,Gaucher disease-like disorder due to saposin C deficiency,610539,,
296,Fabry disease,301500,,
297,Farber disease,228000,,
298,Niemann-Pick disease type A or B,"257200, 607616",,
299,Mucolipidosis II alpha/beta,252500,,
300,Mucolipidosis III gamma,252605,,
301,Multiple sulfatase deficiency,272200,,
302,Lysosomal acid lipase deficiency,278000,,
303,Niemann-Pick disease type C1,257220,,
304,Niemann-Pick disease type C2,607625,,
305,"Ceroid lipofuscinosis, neuronal, 1",256730,,
306,"Ceroid lipofuscinosis, neuronal, 2",204500,,
307,"Ceroid lipofuscinosis, neuronal, 3",204200,,
308,"Ceroid lipofuscinosis, neuronal, 4A adult onset",204300,,
309,"Ceroid lipofuscinosis, neuronal, 4B",162350,,
310,"Ceroid lipofuscinosis, neuronal, 5",256731,,
311,"Ceroid lipofuscinosis, neuronal, 6",601780,,
312,"Ceroid lipofuscinosis, neuronal, 7",610951,,
313,"Ceroid lipofuscinosis, neuronal, 8",600143,,
315,"Ceroid lipofuscinosis, neuronal, 10",610127,,
316,Adenosylcobalamin and methylcobalamin synthesis defect - cblD-MMA/HC,277410,,
317,SC4MOL deficiency,607545,,
318,Lanosterol demethylase deficiency,601637,,
319,Galactosialidosis,256540,,
320,Action myoclonus-renal failure syndrome,254900,,
321,Phosphomannomutase 2 deficiency PMM2-CDG,601785,,
322,Phosphomannose isomerase deficiency MPI-CDG,602579,,
323,Glucosyltransferase 1 deficiency ALG6-CDG ,603147,,
324,Mannosyltransferase 6 deficiency ALG3-CDG,601110,,
325,Mannosyltransferase 8 deficiency ALG12-CDG,607143,,
326,Glucosyltransferase 2 deficiency ALG8-CDG,608104,,
327,Mannosyltransferase 2 deficiency ALG2-CDG,607906,,
328,UDP-GlcNAc:Dol-P-GlcNac-P transferase deficiency DPAGT1-CDG,608093,,
329,Mannosyltransferase 1 deficiency ALG1-CDG,608540,,
330,Mannosyltransferase 7-9 deficiency ALG9-CDG,608776,,
331,Flippase of Man5GlcNAc2-PP-Dol deficiency RFT1-CDG,612015,,
332,N-acetylglucosaminyltransferase 2 deficiency MGAT2-CDG,212066,,
333,Glucosidase 1 deficiency GCS1-CDG,606056,,
334,Oligosaccharyltransferase subunit tusc 3 deficiency TUSC3-CDG,611093,,
335,Steroid 5 alpha-reductase 3 deficiency SRD5A3-CDG,612379,,
336,GDP-Man:Dol-P mannosyltransferase subunit 1 deficiency DPM1-CDG,608799,,
337,Dol-P-Man utilization 1 deficiency MPDU1-CDG,609180,,
338,"Beta-1,4-galactosyltransferase 1 deficiency B4GALT1-CDG",607091,,
339,UDP-GlcNAc epimerase/kinase deficiency,"600737, 605820",,
340,CMP-sialic acid transporter deficiency SLC35A1-CDG,603585,,
341,GDP-fucose transporter deficiency CDG-IIc,266265,,
342,Dolichol kinase deficiency DK1-CDG,610768,,
343,Component of COG complex 7 deficiency COG7-CDG,608779,,
344,Component of COG complex 1 deficiency COG1-CDG,611209,,
345,Component of COG complex 8 deficiency COG8-CDG,611182,,
346,V0 subunit a2 of vesicular H(+)-ATPase deficiency ATP6VOA2-CDG,"219200, 278250",,
347,Exostosin 1 deficiency EXT1-CDG,133700,,
348,Exostosin 2 deficiency EXT2-CDG,133701,,
349,"Beta-1,4-galactosyltransferase 7 deficiency B4GALT7-CDG",130070,,
350,Polypeptide N-acetylgalactosaminyltransferase 3 deficiency GALTNT3-CDG,211900,,
351,UDP-glucuronic acid/UDP-N-acetylgalactosamine dual transporter deficiency SLC35D1-CDG,269250,,
352,O-Mannosyltransferase 1 deficiency POMT1-CDG,"236670, 613555, 609308",,
353,O-Mannosyltransferase 2 deficiency POMT2-CDG,"613150, 613156, 613158",,
354,"O-Mannose beta-1,2-N-acetyglucosaminyltransferase deficiency POMGNT1-CDG","253280, 613151, 613157",,
358,"O-Fucose-specific beta-1,3-N-acetylglucosaminyltransferase deficiency LFNG-CDG",609813,,
359,"O-Fucose-specific beta-1,3-N-glucosyltransferase deficiency B3GALTL-CDG",261540,,
360,"Lactosylceramide alpha-2,3-sialyltransferase deficiency ST3GAL5-CDG",609056,,
361,"Phosphatidylinositolglycan, class M, deficiency PIGM-CDG",610293,,
362,Phosphoribosyl pyrophosphate synthetase 1 superactivity,300661,,
363,Inosine-5'-monophosphate dehydrogenase deficiency,146690,,
364,Xanthine dehydrogenase deficiency,278300;607633,,
367,Familial hypercholesterolemia heterozygous (LDLR),143890;606945,,
368,Familial defective apolipoprotein B (APOB),144010,,
369,PCSK9 superactivity,603776;607786,,
370,Autosomal recessive hypercholesterolemia (ARH),603813;605747,,
371,Microsomal triglyceride transfer protein deficiency,200100;157147,,
372,Apolipoprotein B deficiency,144010;605019,,
373,PCSK9 deficiency with low LDL,607786;613589,,
374,Angiopoietin-like 3 deficiency,605019;604774,,
375,Cholesteryl ester transfer protein deficiency (CETP),607322;143470,,
376,Hepatic lipase deficiency (LIPC),612797;614025,,
377,Scavenger receptor B1 deficiency (SCARB1),601040;610762,,
378,Tangier disease (ABCA1),600046;205400,,
379,Apolipoprotein A-I deficiency (APOA1),107680;604091,,
380,Familial LCAT deficiency (complete),606967;245900,,
381,Lipoprotein lipase deficiency (LPL),609708;238600,,
382,"Ceroid lipofuscinosis, neuronal, 8, Northern Epilepsy variant",610003,,
383,Mannosyltransferase 4-5 deficiency ALG11-CDG) ,613661,,
384,Magnesium transporter 1 deficiency MAGT1-CDG,"300716, 300853",,
385,Chondroitin sulfate synthase 1 deficiency   CHSY1-CDG,605282,,
386,Hyperphosphatasia-mental retardation syndrome 1 PIGY-CDG ,239300,,
387,GDP-Man:Dol-P mannosyltransferase 3 deficiency   DPM3-CDG,612937,,
388,Component of COG complex 5 deficiency   COG5-CDG,613612,,
389,Component of COG complex 6 deficiency   COG6-CDG,606977;614576,,
390,"Golgi-microtubule-associated protein, 210 kD, deficiency  GMAP210-CDG",200600,,
391,COPII component SEC23B deficiency SEC23B-CDG,224100,,
392,Biotin and thiamine basal ganglia disease,606152,,
393,Bilateral striatal necrosis (SLC25A19),606521,,
394,Transient hyperammonemia of the newborn,,,
395,"Pyrroline-5-carboxylate synthetase deficiency, cutis laxa phenotype 3",219150,,
397,Pearson Syndrome,557000,,
398,Kearns Sayre Syndrome,530000,,
399,"Mitochondrial Myopathy, Encephalopathy, Lactic Acidosis and Stroke-like episodes",540000,,
400,Myoclonic Epilepsy associated with Ragged Red Fibers,545000,,
401,Neuropathy Ataxia and Retinitis Pigmentosa,551500,,
402,"Leber Hereditary Optic Neuropathy, LHON",535000,,
403,Maternally Inherited Mitochondrial Dystonia,500001,,
406,Mitochondrial tRNA(Thr) deficiency,551000,,
407,Mitochondrial Myopathy with Diabetes Mellitus,500002,,
408,Mitochondrial tRNA(Glu) deficiency,500009,,
409,Maternally Inherited Deafness and Diabetes,520000,,
411,Mitochondrial Depletion Syndrome 4A,203700,,
416,Childhood-onset optic atrophy type 1,165500,,
418,Progressive External Ophthalmoplegia,"157640, 258450",,
420,"Sensory Ataxic Neuropathy, Dysarthria and Ophthalmoparesis",607459,,
421,Optic Atrophy 1 and Deafness,125250,,
422,Leigh Syndrome,256000,,
425,Leigh Syndrome with French-Canadian Ethnicity,220111,,
426,ISCU deficiency,255125,,
436,Combined Oxidative Phosphorylation Defect 1,609060,,
437,Combined Oxidative Phosphorylation Defect 2,610498,,
438,Acyl-CoA Dehydrogenase 9 deficiency,611126,,
439,Combined Oxidative Phosphorylation Defect 3,610505,,
440,Combined Oxidative Phosphorylation Defect 4,610678,,
441,Combined Oxidative Phosphorylation Defect 5,611719,,
442,Combined Oxidative Phosphorylation Defect 6,300816,,
443,Combined Oxidative Phosphorylation Defect 7,613559,,
444,Pseudouridine synthase 1 deficiency,600462,,
445,Acute Infantile Liver Failure,613070,,
446,Leukoencephalopathy with brainstem and spinal cord involvement and lactate elevation,611105,,
451,Succinate dehydrogenase subunit A deficiency,252011,,
457,Complex IV deficiency,220110,,
460,ATP synthase deficiency,"500003, 551500, 604273",,
463,Mitochondrial phosphate carrier deficiency,610773,,
466,Mitochondrial glycine transporter deficiency,205950,,
467,Mohr-Tranebjaerg syndrome,304700,,
468,Uncoupling protein deficiency,"601665, 607447",,
471,Mitochondrial ribosomal RNA 12S deficiency,580000,,
473,Galactosaemia,230400,,
474,Galactokinase deficiency,230200,,
475,Uridine diphosphate galactose-4-epimerase deficiency,230350,,
476,Essential fructosuria,229800,,
477,Hereditary fructose intolerance,229600,,
478,Glycogen storage disease type II b,300257,,
479,Renal glucosuria,233100,,
480,Glucose transporter 1 deficiency,606777;612126;601042;614847,,
481,Fanconi-Bickel syndrome,227810,,
482,Intestinal glucose-galactose malabsorption,606824,,
483,"Fructose-1,6-bisphosphatase deficiency",229700,,
484,Glycogen storage disease type I a,232200,,
485,Glycogen storage disease type I non-a,232220,,
486,Glycogen storage disease type II a,232300,,
487,Glycogen storage disease type III,232400,,
488,Glycogen storage disease type IV,232500,,
489,Glycogen storage disease type V,232600,,
490,Glycogen storage disease type VI,232700,,
491,Glycogen storage disease type VII,232800,,
492,Glycogen storage disease type IXa,306000,,
493,Glycogen storage disease type X,261670,,
494,Arterial tortuosity syndrome,208050,,
495,Glycogen storage disease type XIV,612934;614921,,
496,Glycogen storage disease type XV,613507,,
497,Glycogen storage disease type 0 a,240600,,
498,Glycogen storage disease type 0 b,611556,,
499,Glycogen storage disease type XI,612933,,
500,Glycogen storage disease type XII,611881,,
501,Glycogen storage disease type XIII,612932,,
502,Muscle phosphoglycerate kinase deficiency,300653,,
503,ATP-specific succinyl-CoA ligase β subunit deficiency,612073,,
504,Primary hyperoxaluria type III,613616,,
505,Apolipoprotein C-II deficiency (APOC2),608083;207750,,
506,Familial combined hyperlipidemia,144250;602491,,
507,Apolipoprotein E deficiency,617347,,
508,Sitosterolemia ABCG5,210250,,
509,Elevated Lipoprotein(a) (LPA),152200,,
510,Cholesterol side-chain cleavage deficiency,118485,,
512,"Glutathione synthetase deficiency, sever",266130,,
513,Mevalonate kinase deficiency,610377,,
514,"Chondrodysplasia punctata 2, recessive",302960,,
515,"CK syndrome, recessive",300831,,
519,Coenzyme Q10 Deficiency,607426,,
520,Dibasic aminoaciduria type I,222690,,
521,Glutamate aspartate transporter deficiency,612656,,
522,Hyperekplexia due to Gly transporter GLYT2 defect,149400,,
523,Aspartate-glutamate carrier 1 deficiency,612949,,
524,Mitochondrial glutamate carrier 1 deficiency,609304,,
525,Nephropathic cystinosis,219800;219900;219750,,
527,Familial hypercholesterolemia homozygous (LDLR),143890;606945,,
528,Familial LCAT deficiency (partial),136120;606967,,
529,Riboflavin transporter 2 deficiency,211530,,
530,Fazio-Londe syndrome ,211500,,
531,CoQ6 deficiency,614647;614650,,
532,Myopathic form of CoQ10 deficiency (ETFDH) ,231675,,
533,X-linked distal spinal muscular atrophy,300489,,
537,Glutaric aciduria type 3,231690,,
542,"Glycerol kinase deficiency, isolated",307030,,
544,Methylmalonyl-CoA epimerase deficiency,251120,,
548,Adenosylcobalamin and methylcobalamin synthesis defect - cblJ,614857,,
549,Adenosine kinase deficiency,614300,,
550,Acetyl-CoA transporter deficiency,614482,,
551,"5,10-Methylene-tetrahydrofolate dehydrogenase deficiency",172460,,
552,ABCB4 deficiency,602347,,
553,OATP1B1 and OATP1B3 disease,237450;604843;605495,,
554,ABCC2 deficiency,237500;601107,,
555,3a-hydroxysteroid dehydrogenase deficiency,600450,,
556,Mucolipidosis III alpha/beta,252600,,
557,"Ceroid lipofuscinosis, neuronal, 11",614706,,
558,Parkinson disease 9,606693,,
559,"Ceroid lipofuscinosis, neuronal, 13",603539,,
560,"Ceroid lipofuscinosis, neuronal, 14",611726,,
561,Congenital hypophosphatasia,241500,,
562,Ornithine aminotransferase deficiency,258870,,
563,Glycogen storage disease type IXd,300559,,
564,Constitutional AMP-activated protein kinase activation,600858;261740;194200,,
565,Glycerate kinase deficiency,610516,,
566,ATP-sensitive potassium channel regulatory subunit deficiency,256450,,
567,Glutamate dehydrogenase superactivity,606762,,
568,Glucokinase superactivity,602485,,
570,Hepatocyte nuclear factor 4-alpha loss-of-function mutations,600281,,
571,Exercise induced hyperinsulinemic hypoglycemia,610021,,
572,Uncoupling protein 2 deficiency,601693,,
573,HNF1a deficiency,142410,,
574,GTP-specific succinyl-CoA ligase α subunit deficiency,245400,,
575,MEGDEL Syndrome,614739,,
576,Transmembrane protein 70 deficiency,614052,,
577,Combined MMA and MA,614245,,
578,Mednik syndrome,609313,,
579,Dopamin-serotonin vesicular transport defect,193001,,
580,"5,10-Methenyltetrahydrofolate synthetase deficiency",604197,,
581,Hereditary hemochromatosis (typ 2b),602390,,
582,Hereditary hemochromatosis (type 3),604250,,
583,"Insulin receptor dysregulation, Donohue syndrome",609968,,
584,Spermine synthase deficiency,309583;300105,,
585,X-Linked hypophosphatemia,307800,,
587,Hypomyelinating leukodystrophy - 12,616683,,
588,DNAJC12-deficient hyperphenylalaninemia,606060,,
589,Potassium channelopathy KCNA4,176266,,
590,Mitochondrial inorganic pyrophosphatase 2 deficiency,617222,,
591,MIRAGE syndrome,617053,,
592,N-acetylneuraminic acid synthase deficincy NANS-CDG,610442,,
593,CCDC115 deficiency CCDC115-CDG,616828,,
594,"Recurrent metabolic encephalomyopathic crises associated with rhabdomyolysis, cardiac arrhythmias, and neurodegeneration",616878,,
595,Solute carrier family 39 (Zn transporter) deficciency CDG2N-CDG,616721,,
596,Combined oxidative phosphorylation deficiency-28,616794,,
597,Glycolate oxidase 1 deficiency,605023,,
598,GDP-mannose pyrophosphorylase B deficiency GMPPA-CDG,615510,,
599,Muscular dystrophy-dystroglycanopathy GMPPB-CDG,"615350, 615351, 615352",,
600,Phosphoglucomutase 1 deficiency PGM1-CDG,614921,,
601,Immunodeficiency-23 PGM3-CDG,"615816, 172100",,
602, Dehydrodolichyl diphosphate synthase deficiency DHDDS-CDG,"613861, 608172",,
603,Nogo-B receptor deficiency NgBR-CDG,617082,,
604, Dolichol-P-mannose synthase-2 deficiency  DPM2-CDG,615042,,
605,X-linked recessive UDP-N-acetylglucosamine transferase catalytic subunit deficiency,300884,,
606,"Congenital myasthenic syndrome, without tubular aggregates-15 ALG14-CDG","616227, 612866",,
607,Congenital disorder of glycosylation DDOST-CDG ,"614507, 602202",,
608,Congenital disorder of glycosylation STT3A-CDG ,"615596, 601134",,
609,Congenital disorder of glycosylation STT3B-CDG ,615597,,
610,Congenital disorder of glycosylation SSR4-CDG,300934,,
611,"Mental retardation, autosomal recessive 15 MAN1B1-CDG ","614202, 604346",,
612,Congenital disorder of glycosylation SLC35A2-CDG ,314375,,
613,Congenital disorder of glycosylation TMEM165-CDG ,"614727, 614726",,
614,Component of COG complex 2 deficiency COG2-CDG,606974,,
615,Component of COG complex 4 deficiency COG4-CDG,613489,,
616,PROSC-deficient B6-dependent epilepsy,617290,,
617,Neurodegeneration with brain iron accumulation 5,300894,,
618,Hypertryptophanemia,600627,,
619,Monocarboxylate transporter-1 deficiency,616095,,
620,Neurodegeneration with brain iron accumulation 6,615643,,
621,Thiamine metabolism dysfunction syndrome 5,614458,,
622,"Phosphocholine cytidylyltransferase 1α deficiency, retinoskeletal phenotype",608940,,
623,"Epileptic encephalopathy, early infantile, 50 CAD-CDG",616457,,
624,"Muscular dystrophy, limb-girdle, type 2Z POGLUT1-CDG",617232,,
625,Dowling-Degos disease 4 POGLUT1-CDG,615696,,
626,Polycyctic kidney disease 3 GANAB-CDG,600666,,
627,Hyperphosphatasia with mental retardation syndrome 5 PIGW-CDG,616025,,
628,"Developmental disability, severe intellectual disability, and drug-responsive epilepsy PIGC-CDG",,,
629,"Mental retardation, autosomal recessive 53 PIGG-CDG",616917,,
630,"Mental retardation, autosomal recessive 42 PGAP1-CDG",615802,,
631,Hyperphosphatasia with mental retardation syndrome 4 PGAP3-CDG,615716,,
632,"Muscular dystrophy, limb-girdle, type 2S TRAPPC11-CDG",615356,,
633,Cohen syndrome VPS13B-CDG,216550,,
634,"Congenital disorder of glycosylation, type IIp TMEM199-CDG",616829,,
635,Immunodeficiency 47 ATP6AP1-CDG,300972,,
636,"Cutis laxa, autosomal recessive, type IID ATP6V1A-CDG",617403,,
637,"Cutis laxa, autosomal recessive, type IIC ATP6V1E1-CDG",617402,,
638,Desbuquois dysplasia 2 XYLT1-CDG,615777,,
639,Spondyloocular syndrome XYLT2-CDG,605822,,
640,"Muscular dystrophy-dystroglycanopathy (congenital with brain and eye anomalies), type A, 10 TMEM5-CDG",615041,,
641,Muscular dystrophy-dystroglycanopathy type A7 and C7 ISPD-CDG,614643; 616052,,
642,"Muscular dystrophy-dystroglycanopathy (congenital with brain and eye anomalies), type A, 4 FKTN-CDG A",253800,,
643,"Muscular dystrophy-dystroglycanopathy (congenital without mental retardation), type B, 4 FKTN-CDG B",613152,,
644,"Muscular dystrophy-dystroglycanopathy (limb-girdle), type C, 4 FKTN-CDG C",611588,,
645,"Muscular dystrophy-dystroglycanopathy (congenital with brain and eye anomalies), type A, 5 FKRP-CDG A",613153,,
646,"Muscular dystrophy-dystroglycanopathy (congenital with or without mental retardation), type B, 5 FKRP-CDG B",606612,,
647,"Muscular dystrophy-dystroglycanopathy (limb-girdle), type C, 5 FKRP-CDG C",606596,,
648,Mucopolysaccharidosis-plus,617303,,
650,Mitochondrial epileptic encephalopathy TIMM50,607381,,
651,NAD deficiency and congenital malformations due to HAAO variants,604521,,
652,3-Hydroxykynureninase deficiency  ,605197,,
653,Triosephosphate isomerase deficiency,615512,,
655,2-Ketoadipic aciduria,204750,,
656,Carbonic anhydrase VA deficiency,615751,,
657,Sjogren-Larsson syndrome,270200,,
658,Alpha-tocopherol transfer protein deficiency,277460,,
659,Congenital bile acid synthesis defect ABCD3,616278,,
660,Congenital bile acid synthesis defect ACOX2,617308,,
661,Crigler-Najjar syndrome,218800;606785,,
662,Progressive familial intrahepatic cholestasis 5 NR1H4,617049,,
663,"Maple sirup urine disease, mild variant",615135,,
664,Branched-chain ketoacid dehydrogenase kinase deficiency,614923,,
665,Mitochondrial short-chain enoyl-CoA hydratase 1 deficiency,616277,,
666,Mitochondrial complex III assembly deficiency (UQCRC2),615160,,
667,Intellectual developmental disorder with neuropsychiatric features SLC45A1,617532,,
668,Sucrase-isomaltase deficiency ,222900,,
669,Trehalase deficiency TREH,612119,,
671,Carnitine acetyltransferase deficiency,606175,,
673,Carnitine palmitoyl-transferase IC deficiency,616282,,
674,Phosphomevalonate kinase deficiency,175800,,
675,Mevalonate pyrophosphate decarboxylase deficiency,614714,,
676,Farnesylpyrophosphate synthetase deficiency,616631,,
677,Mitochondrial complex I assembly deficiency (NDUFAF1),618234,,
678,Mitochondrial complex I assembly deficiency (NDUFAF2),618233,,
679,Mitochondrial complex I assembly deficiency (NDUFAF3),618240,,
680,Mitochondrial complex I assembly deficiency (NDUFAF4),618237,,
681,Mitochondrial complex I assembly deficiency (NDUFAF5),618238,,
682,Mitochondrial complex I assembly deficiency (NDUFAF6),618239,,
683,Mitochondrial complex I assembly deficiency (FOXRED1),618241,,
684,Mitochondrial complex I assembly deficiency (TMEM126B),618250,,
685,Mitochondrial complex I subunit deficiency (NDUFV1),618225,,
686,Mitochondrial complex I subunit deficiency (NDUFV2),618229,,
687,Mitochondrial complex I subunit deficiency (NDUFS1),618229,,
688,Mitochondrial complex I subunit deficiency (NDUFS2),618228,,
689,Mitochondrial complex I subunit deficiency (NDUFS3),256000; 252010,,
690,Mitochondrial complex I subunit deficiency (NDUFS4),252010,,
691,Mitochondrial complex I subunit deficiency (NDUFS6),618232,,
692,Mitochondrial complex I subunit deficiency (NDUFS7),618224,,
693,Mitochondrial complex I subunit deficiency (NDUFS8),618222,,
694,Mitochondrial complex I subunit deficiency (NDUFA1),301020,,
695,Mitochondrial complex I subunit deficiency (NDUFA2),256000,,
696,Mitochondrial complex I subunit deficiency (NDUFA4),,,
697,Mitochondrial complex I subunit deficiency (NDUFA9),256000,,
698,Mitochondrial complex I subunit deficiency (NDUFA10),618243,,
699,Mitochondrial complex I subunit deficiency (NDUFA11),618236,,
700,Mitochondrial complex I subunit deficiency (NDUFA12),618244,,
701,Mitochondrial complex I subunit deficiency (NDUFA13),,,
702,Mitochondrial complex I subunit deficiency (NDUFB3),252010,,
703,Mitochondrial complex I subunit deficiency (NDUFB9),252010,,
704,Mitochondrial complex I subunit deficiency (NDUFB11),252010,,
705,Mitochondrial complex I subunit deficiency (MTND1),252010,,
706,Mitochondrial complex I subunit deficiency (MTND2),252010,,
707,Mitochondrial complex I subunit deficiency (MTND3),252010,,
708,Mitochondrial complex I subunit deficiency (MTND4),252010,,
709,Mitochondrial complex I subunit deficiency (MTND4L),252010,,
710,Mitochondrial complex I subunit deficiency (MTND5),252010,,
711,Mitochondrial complex I subunit deficiency (MTND6),252010,,
712,Mitochondrial complex III assembly deficiency (TTC19),615157,,
714,Mitochondrial complex III assembly deficiency (UQCC3),616111,,
715,Mitochondrial complex III assembly deficiency (LYRM7),615838,,
716,Mitochondrial complex III subunit deficiency (UQCRB),615158,,
717,Mitochondrial complex III subunit deficiency (UQCRQ),615159,,
719,Mitochondrial complex IV assembly deficiency (COA3),,,
720,Mitochondrial complex IV assembly deficiency (COA5),616500,,
721,Mitochondrial complex IV assembly deficiency (COA6),616501,,
722,Cytochrome C oxidase assembly factor 7 deficiency,220110,,
723,Mitochondrial complex IV assembly deficiency (COX10),220110; 256000,,
724,Mitochondrial complex IV assembly deficiency (COX14),220110,,
725,Mitochondrial complex IV assembly deficiency (COX15),615119; 256000,,
726,Mitochondrial complex IV assembly deficiency (COX20),220110,,
727,Mitochondrial complex IV assembly deficiency (SCO1),220110,,
728,Mitochondrial complex IV assembly deficiency (SCO2),604377;608908,,
729,Mitochondrial complex IV assembly deficiency (SURF1),256000;616684,,
730,Mitochondrial complex IV subunit deficiency (COX4I2),612714,,
731,Mitochondrial complex IV subunit deficiency (COX6A1),616039,,
732,Mitochondrial complex IV subunit deficiency (COX6B1),220110,,
733,Mitochondrial complex IV subunit deficiency (COX7B),300887,,
734,Mitochondrial complex IV subunit deficiency (COX8A),220110,,
735,Mitochondrial complex IV subunit deficiency (MTCO1),,,
736,Mitochondrial complex IV subunit deficiency (MTCO2),,,
737,Mitochondrial complex IV subunit deficiency (MTCO3),,,
738,Mitochondrial complex V assembly deficiency (ATPAF2),604273,,
739,Mitochondrial ATP synthase F1 subunit a deficiency,616045;615228,,
740,Mitochondrial ATP synthase F1 subunit e deficiency,614053,,
741,Mitochondrial complex V subunit deficiency (MTATP6),,,
742,Mitochondrial complex V subunit deficiency (MTATP8),,,
744,Mitochondrial cytochrome b deficiency,516020,,
745,Mitochondrial cytochrome c1 deficiency,615453,,
746,Mitochondrial cytochrome c deficiency,612004,,
747,Holocytochrome c synthase deficiency,309801,,
748,Long-chain fatty acid-CoA ligase 4 deficiency,300387,,
749,Lysophosphatidic acid acyltransferase deficiency,608594,,
750,Lipin 1 deficiency ,268200,,
751,Lipin 2 deficiency,609628,,
752,Diacylglycerol acyltransferase deficicncy,615863,,
753,Abhydrolase D5 deficiency,275630,,
754,Adipose triglyceride lipase deficiency,610717,,
755,Perilipin 1 deficiency,613877,,
756,Hormone-sensitive lipase deficiency,615980,,
759,Phosphatidylserine synthase 1 superactivity,151050,,
760,Phospholipase A2 group 6 deficiency,256600,,
761,DDHD1 deficiency,609340,,
762,DDHD2 deficiency,609340,,
763,PNPLA6 deficiency,215470; 275400; 612020,,
764,CYP2U1 deficiency,615030,,
765,ABHD12 deficiency,612674,,
766,Thromboxane synthase deficiency,231095,,
767,15-hydroxy-prostaglandin dehydrogenase deficiency,259100; 119900; 259100,,
768,Prostaglandin transporter deficiency,259100; 119900; 259100,,
769,3’ Repair exonuclease 1 deficiency,225750,,
770,Ribonuclease H2 subunit B deficiency,610181,,
773,Ribonuclease T2 deficiency,612951,,
774,SAMHD1 deficiency,612952,,
775,RNA-specific adenosine deaminase deficiency,615010,,
776,MDA5 superactivity,615846,,
777,STING superactivity,615934,,
778,"2’,5’-Oligoadenylate synthetase 1 deficiency",222100,,
779,ABCC6 deficiency,614473,,
780,Ectonucleotide pyrophosphatase/phosphodiesterase 1 deficiency,208000; 613312,,
781,Ectonucleotide pyrophosphatase/phosphodiesterase 1 dimerization deficiency,615522,,
782,Ecto-5'-nucleotidase deficiency,211800,,
783,Equilibrative nucleoside transporter 1 deficiency,,,
784,Equilibrative nucleoside transporter 3 deficiency,602782,,
785,Activation-induced cytidine deaminase deficiency,605258,,
786,Uracil-DNA glycosylase deficiency,608106,,
788,Adenosine monophosphate deaminase 2 deficiency,615809; 615686,,
789,Erythrocyte adenosine monophosphate deaminase 3 deficiency,612874,,
790,Adenosine deaminase 2 deficiency,607575,,
791,Adenylate kinase 1 deficiency,612631,,
792,Adenylate kinase 2 deficiency,267500,,
793,Urate transporter 1 deficiency,220150,,
794,Urate voltage-driven efflux transporter 1 deficiency,612076,,
795,Glutathione reductase deficiency,138300,,
796,Glutathione peroxidase 4 deficiency,250220,,
797,NRF2 superactivity,617744,,
798,Hyperglycinuria,138500; 242600,,
799,Large neutral amino acid transporter deficiency,600182,,
800,Neuronal system A amino acid transporter deficiency,609218,,
801,Aminoacylase 1 deficiency,609924,,
802,Tyrosinase deficiency,203100,,
803,Maleylacetoacetate isomerase deficiency,617596,,
804,Methanethiol oxidase deficiency,604188,,
806,5-phosphohydroxylysine phospholyase,615011,,
807,Pyrroline-5-carboxylate reductase 1 deficiency,612940; 614438,,
808,Pyrroline-5-carboxylate reductase 2 deficiency,616420,,
809,Hydroxyproline dehydrogenase deficiency,616377,,
810, X-prolyl aminopeptidase 3 deficiency,613159,,
811,Hyper-β-aminoisobutyric aciduria,210100,,
812,GABA transporter deficiency,616421,,
813,GABA type A receptor α1 subunit deficiency,615744,,
814,GABA type A receptor β1 subunit deficiency,617153,,
815,GABA type A receptor β2 subunit deficiency,617829,,
816,GABA type A receptor β3 subunit deficiency,,,
817,GABA type A receptor γ2 subunit deficiency,611277,,
818,GABA type B receptor subunit 2 deficiency,617904,,
820,Astroglial glutamate aspartate transporter deficiency,617105,,
821,Ionotropic glutamate receptor NMDA type subunit 1 dysregulation,614254; 617820,,
822,Ionotropic glutamate receptor NMDA type subunit 2A dysregulation,245570,,
823,Ionotropic glutamate receptor NMDA type subunit 2B dysregulation,616139; 613970,,
824,Ionotropic glutamate receptor NMDA type subunit 2D superactivity,617162,,
825,Ionotropic glutamate receptor AMPA type subunit 3 deficiency,300699,,
826,Ionotropic glutamate receptor AMPA type subunit 4 dysregulation,617864,,
827,Metabotropic glutamate receptor 1 deficiency,614831,,
828,Metabotropic glutamate receptor 1 superactivity,617691,,
829,Metabotropic glutamate receptor 6 deficiency,257270,,
830,Asparagine synthetase deficiency,615574,,
831,ASCT1 transporter deficiency,616657,,
832,Glycine transporter 1 deficiency,617301,,
833,Glycine receptor α1 subunit deficiency,149400,,
834,Glycine receptor β subunit deficiency,614619,,
835,Lipoyltransferase 2 deficiency,617668,,
836,Lipoic acid synthase deficiency,614462,,
837,Lipoyltransferase 1 deficiency,616299,,
838,NFU1 deficiency,605711,,
839,BOLA3 deficiency,614299,,
840,"Methylmalonic aciduria and homocystinuria, cblX type",309541,,
841,Riboflavin transporter 1 deficiency,615026,,
842,Flavin adenine dinucleotide synthetase deficiency,255100,,
843,Mitochondrial flavin adenine dinucleotide transporter deficiency ,616839,,
844,Nicotinamide mononucleotide adenylyl transferase 1 deficiency,608553,,
845,Mitochondrial NAD kinase 2 deficiency,616034,,
846,NAD(P)HX epimerase deficiency,617186,,
847,NAD(P)HX dehydratase deficiency,615910,,
848,Nicotinamide nucleotide transhydrogenase deficiency,614736,,
849,"β-carotene 15,15'-dioxygenase deficiency",115300,,
850,Plasma retinol-binding protein deficiency,616428; 615147,,
851,Vitamin A receptor deficiency,601186,,
852,Lecithin retinol acyltransferase deficiency,613341,,
853,Retinal isomerase deficiency,204100; 613794,,
854,Retinol dehydrogenase 5 deficiency,136880,,
855,Retinol dehydrogenase 12 deficiency,612712,,
856,Interphotoreceptor retinol-binding protein deficiency,615233,,
857,Retinaldehyde dehydrogenase 3 deficiency,615113,,
858,Cellular retinaldehyde-binding protein deficiency,180090,,
859,Vitamin D 1-α-hydroxylase deficiency,264700,,
860,Vitamin D 25-hydroxylase deficiency,600081,,
861,Vitamin D receptor deficiency,277440,,
862,Vitamin D 24-hydroxylase deficiency,143880,,
863,γ-Glutamyl carboxylase deficiency,277450,,
864,Vitamin K epoxide reductase deficiency,607473,,
865,Microsomal epoxide hydrolase deficiency,607748,,
866,Menaquinone-4 synthetase deficiency,121800,,
867,Molybdenum cofactor sulfurase deficiency,603592,,
868,Ferroportin 1 deficiency,606069,,
869,Ferritin light chain deficiency,615604,,
870,Ferritin light chain superactivity,606159,,
871,Ferritin light chain dysregulation,600886,,
872,Hereditary ceruloplasmin deficiency,604290,,
873,Matriptrase 2 deficiency ,206200,,
874,Transferrin receptor deficiency,616740,,
875,Divalent metal transporter 1 deficiency,206100,,
876,Zinc transporter 2 deficiency,608118,,
877,Spondylocheirodysplastic Ehlers-Danlos syndrome ,612350,,
878,Birk-Landau-Perez syndrome,617595,,
879,Hypermanganesemia with dystonia type 1,613280,,
880,Hypermanganesemia with dystonia type 2,617013,,
881,Selenocysteine insertion sequence-binding protein 2 deficiency,609698,,
882,O-phosphoseryl-tRNA(Sec) selenium transferase deficiency,613811,,
883,Epithelial magnesium transporter deficiency,602014,,
884,Sodium-potassium ATPase γ subunit deficiency,154020,,
885,Claudin 10 deficiency,617671,,
886,Claudin 16 deficiency,248250,,
887,Claudin 19 deficiency,248190,,
888,Cyclin M2 deficiency,616418; 613882,,
889,Sodium-chloride cotransporter deficiency,263800,,
890,KCNJ10 deficiency,600791; 612780,,
891,Lactase deficiency,223000,,
892,Glucose-6-phosphate dehydrogenase deficiency,300908,,
893,Transketolase deficiency,617044,,
894,Sedoheptulose kinase deficiency,617213,,
895,L-xylulose reductase deficiency,260800,,
896,Hepatocyte nuclear factor-1β deficiency,125853,,
897,Insulin deficiency,125852,,
898,Proinsulin cleavage deficiency,616214,,
899,Insulin promoter factor 1 deficiency,606392; 260370,,
900,Neurogenic differentiation factor 1 deficiency,606394,,
901,Krüppel-like factor 11 deficiency,610508,,
902,PAX4 deficiency,612225,,
903,BLK deficiency,613375,,
904,APPL1 deficiency,616511,,
905,AKT2 superactivity,240900,,
906,RFX6 deficiency,615710,,
907,HOIL1 deficiency,615895,,
908,Laforin deficiency,254780,,
909,Malin deficiency,254780,,
910,Cytosolic phosphoenolpyruvate carboxykinase deficiency,261680,,
911,Hemolytic anemia due to hexokinase 1 deficiency,235700,,
912,"Hereditary motor and sensory neuropathy, Russe type",605285,,
913,Retinitis pigmentosa type 79,617460,,
914,Glucose-6-phosphate isomerase deficiency,615802,,
915,Pyruvate kinase deficiency,266200,,
916,Lactate dehydrogenase B deficiency,614128,,
917,Mitochondrial pyruvate carrier deficiency,614741,,
918,Pyruvate dehydrogenase kinase isoenzyme 3 superactivity,300905,,
919,Mitochondrial aconitase deficiency,614559,,
920,Mitochondrial NADPH-dependent isocitrate dehydrogenase 3 β subunit deficiency,612572,,
921,Mitochondrial malate dehydrogenase deficiency,617339,,
922,Adenine nucleotide translocator deficiency AR,615418,,
923,Cytosolic glycerol-3-phosphate dehydrogenase deficiency,614480,,
924,Mitochondrial citrate carrier deficiency,615182,,
925,Mitochondrial ATP-Mg/phosphate transporter deficiency,612289,,
926,NADH dehydrogenase β subcomplex subunit 8 deficiency,602140,,
927,NUBPL deficiency,618242,,
928,Succinate dehydrogenase subunit B deficiency,185470,,
929,"Succinate dehydrogenase subunit B deficiency, tumoral phenotype",115310; 612359,,
930,"Succinate dehydrogenase subunit C deficiency, tumoral phenotype",605373,,
931,Succinate dehydrogenase subunit D deficiency,252011,,
932,"Succinate dehydrogenase subunit D deficiency, tumoral phenotype",168000,,
933,"Succinate dehydrogenase complex assembly factor 2 deficiency, tumoral phenotype",601650,,
934,TACO1 deficiency,220110,,
935,PET100 deficiency,220110,,
936,FASTKD2 deficiency,220110,,
937,APOPT1 deficiency,220110,,
939,Mitochondrial ATP synthase F1 subunit δ deficiency,603150,,
942,"Progressive external ophthalmoplegia with mitochondrial DNA deletions, autosomal dominant 4",610131,,
943,Mitochondrial DNA depletion syndrome 6 (hepatocerebral type),256810,,
944,TWINKLE mitochondrial DNA helicase deficiency,271245; 616138,,
945,DNA2 helicase deficiency,615156,,
946,Mitochondrial ribonuclease H1 deficiency,615156,,
947,Mitochondrial genome maintenance exonuclease 1 deficiency,615084,,
948,FBXL4 deficiency,615471,,
949,Mitochondrial RNA import protein deficiency,614932; 614934,,
950,Ribonuclease P 5' tRNA processing enzyme deficiency,616974,,
951,Ribonuclease Z 3' tRNA processing enzyme deficiency,615440,,
952,Mitochondrial poly(A) polymerase deficiency,613672,,
953,CCA-adding tRNA-nucleotidyltransferase deficiency,616959,,
954,Mitochondrial methionyl-tRNA formyltransferase deficiency,614947,,
955,tRNA 5-taurinomethyluridine modifier deficiency,616198,,
956,tRNA 5-carboxymethylaminomethyl transferase deficiency,614702,,
957,tRNA isopentenyl transferase deficiency,617873,,
958,tRNA methyltransferase 5 deficiency,616539,,
959,Mitochondrial RNA-processing endoribonuclease deficiency,607095; 250250; 250460,,
960,Mitochondrial ribosomal large subunit 3 deficiency,614582,,
961,Mitochondrial ribosomal large subunit 44 deficiency,615395,,
962,Mitochondrial ribosomal small subunit 34 deficiency,617664,,
963,Mitochondrial ribosomal RNA 16S deficiency,561010,,
964,RMND1 deficiency,614922,,
965,Mitochondrial elongation factor G2 deficiency,606544,,
966,Mitochondrial tRNA(Ala) deficiency,590000,,
967,Mitochondrial tRNA(Arg) deficiency,590005,,
968,Mitochondrial tRNA(Asn) deficiency,590010,,
969,Mitochondrial tRNA(Asp) deficiency,590015,,
970,Mitochondrial tRNA(Cys) deficiency,590020,,
972,Mitochondrial tRNA(Gln) deficiency,590030,,
973,Mitochondrial tRNA(Gly) deficiency,590035,,
974,Mitochondrial tRNA(His) deficiency,590040,,
975,Mitochondrial tRNA(Ile) deficiency,590045,,
976,Mitochondrial tRNA(Leu) 1 deficiency,590050,,
977,Mitochondrial tRNA(Leu) 2 deficiency,590055,,
978,Mitochondrial tRNA(Lys) deficiency,590060,,
979,Mitochondrial tRNA(Met) deficiency,590065,,
980,Mitochondrial tRNA(Phe) deficiency,590070,,
981,Mitochondrial tRNA(Pro) deficiency,590075,,
982,Mitochondrial tRNA(Ser) 1 deficiency,590080,,
983,Mitochondrial tRNA(Ser) 2 deficiency,590085,,
985,Mitochondrial tRNA(Trp) deficiency,590095,,
986,Mitochondrial tRNA(Tyr) deficiency,590100,,
987,Mitochondrial tRNA(Val) deficiency,590105,,
988,Mitochondrial alanyl-tRNA synthetase deficiency,614096; 615889,,
989,Mitochondrial arginine-tRNA synthetase deficiency,611523,,
990,Mitochondrial asparaginyl-tRNA synthetase deficiency,616239,,
991,Mitochondrial cysteinyl-tRNA synthetase deficiency,616672,,
992,Mitochondrial glutamyl-tRNA synthetase deficiency,614924,,
993,Mitochondrial histidyl-tRNA synthetase deficiency,614926,,
994,Mitochondrial isoleucyl-tRNA synthetase deficiency,616007,,
995,Mitochondrial leucyl-tRNA synthetase deficiency,615300,,
996,Mitochondrial methionyl-tRNA synthetase deficiency,611390,,
997,Mitochondrial phenylalanyl-tRNA synthetase deficiency,614946,,
998,Mitochondrial seryl-tRNA synthetase deficiency,613845,,
999,Mitochondrial valyl-tRNA synthetase deficiency,615917,,
1000,Mitochondrial tryptophanyl-tRNA synthetase deficiency,617710,,
1001,Mitochondrial and cytoplasmic glycil-tRNA synthetase deficiency,601472; 600794,,
1002,Mitochondrial and cytoplasmic lysyl-tRNA synthetase deficiency,613916,,
1003,Peptidyl-tRNA hydrolase 2 deficiency,616263,,
1004,Mitochondrial fission factor deficiency,617086,,
1005,GDAP1 deficiency,607831; 214400,,
1006,STAT2 deficiency,616636,,
1007,UGO-1 like protein deficiency,616505,,
1008,Mitofusin 2 deficiency,609260; 617087,,
1009,MSTO1 deficiency,617675,,
1010,Acylglycerol kinase deficiency,212350; 614691,,
1011,PNPLA8 deficiency,251950,,
1012,DNAJC19 deficiency,610198,,
1014,GFER deficiency,613076,,
1015,MAGMAS deficiency,613320,,
1016,Mitochondrial processing peptidase alpha deficiency,213200,,
1017,Mitochondrial intermediate peptidase deficiency,617228,,
1018,CLPB deficiency,616271,,
1019,CLPP deficiency,614129,,
1020,LONP1 deficiency,600373,,
1021,HSPA9 deficiency,182170,,
1022,HSP60 deficiency,612233; 605280,,
1023,Sacsin deficiency,270550,,
1024,m-AAA protease AFG3L2 subunit deficiency,614487; 610246,,
1025,Paraplegin deficiency,607259,,
1026,HTRA2 deficiency,617248,,
1027,Parkin deficiency,600116,,
1028,PINK1 deficiency,605909,,
1029,USP9X deficiency,300919,,
1030,Valosin-containing protein superactivity,167320,,
1031,Sideroflexin 4 deficiency,615578,,
1032,ATAD3A deficiency,617183,,
1033,Transmembrane protein 126A deficiency,612989,,
1034,C1q binding protein deficiency,617713,,
1035,Trafficking kinesin-binding protein 1 deficiency,608112,,
1036,Mitochondrial calcium uniporter deficiency,615673,,
1037,Reticulon-interacting mitochondrial protein deficiency,616732,,
1038,COQ4 deficiency,616276,,
1039,COQ7 deficiency,616733,,
1040,COQ8B deficiency,615573,,
1041,ε-N-trimethyllysine hydroxylase deficiency,300872,,
1042,Fatty acid transport protein 4 deficiency,608649,,
1043,Docosahexanoic acid transporter deficiency,616486,,
1044,Very long-chain fatty acid elongase 1 deficiency,611813,,
1045,Mitochondrial enoyl-CoA reductase deficiency,617282,,
1046,Aquaporin 7 deficiency,614411,,
1047,Choline kinase β deficiency,602541,,
1048,Diacylglycerol kinase ε deficiency,615008,,
1049,Serine palmitoyltransferase subunit 1 deficiency,162400,,
1050,Serine palmitoyltransferase subunit 2 deficiency,613640,,
1051,Ceramide synthase 3 deficiency,615023,,
1052,CYP4F22 omega hydroxylase deficiency,604777,,
1053,Nonlysosomal glucosylceramidase deficiency,614409,,
1054,Fatty acid 2-hydroxylase deficiency,612319,,
1055,Sphingosine-1-phosphate lyase deficiency,617575,,
1056,Ceramide transfer protein superactivity,616351,,
1057,ZDHHC9 palmitoyltransferase deficiency,300799,,
1058,Porcupine palmitoyltransferase deficiency,305600,,
1059,"Phosphatidylinositol 3,5-bisphosphate-5-phosphatase deficiency, neurologic phenotype",612577; 611228,,
1060,"Phosphatidylinositol 3,5-bisphosphate-5-phosphatase deficiency, neuroskeletal phenotype",216340,,
1061,"Phosphatidylinositol 4,5-bisphosphate-5-phosphatase deficiency",309000; 300555,,
1062,Synaptojanin 1 deficiency,615530,,
1063,Myotubularin 1 deficiency,310400,,
1064,Myotubularin-related protein 2 deficiency,601382,,
1065,Myotubularin-related protein 2 regulatory protein deficiency,604563,,
1066,Myotubularin-related protein 2 activator deficiency,615284,,
1067,Catalytic phosphatidylinositol 3-kinase α subunit superactivity,171834,,
1068,Catalytic phosphatidylinositol 3-kinase δ subunit superactivity,615513,,
1069,Phosphatidylinositol 3-kinase regulatory subunit 1 deficiency,"269880, 616005",,
1070,Phosphatidylinositol 3-kinase regulatory subunit 2 superactivity,603387,,
1071,Phosphatidylinositol-3-phosphate 5-kinase deficiency,121850,,
1072,Phosphatidylinositol 4-phosphate 5-kinase deficiency,611369,,
1073,"Phosphatidylinositol 3,4,5-trisphosphate 3-phosphatase deficiency",,,
1074,"Phosphatidylinositol 3,4,5-trisphosphate 5-phosphatase deficiency",258480,,
1075,Inositol polyphosphate 5-phosphatase deficiency,213300; 610156,,
1076,"Phosphatidylinositol 4,5-bisphosphate phospholipase C β1 deficiency",613722,,
1077,"Phosphatidylinositol 4,5-bisphosphate phospholipase C β4 deficiency",614669,,
1078,"Phosphatidylinositol 4,5-bisphosphate phospholipase C γ2 deficiency",614878; 614468,,
1079,"Phosphatidylinositol 4,5-bisphosphate phospholipase C δ1 deficiency",151600,,
1080,"Phosphatidylinositol 4,5-bisphosphate phospholipase C ε1 deficiency",610725,,
1081,"Inositol 1,4,5-triphosphate receptor type 1 deficiency",206700; 606658,,
1082,STAP1 deficiency,604298,,
1083,Chylomicron retention disease,246700,,
1084,GPIHBP1 deficiency,615947,,
1085,Lipase maturation factor 1 deficiency,246650,,
1086,Apolipoprotein A5 deficiency,144650,,
1087,Apolipoprotein C3 deficiency,614028,,
1088,Steroid 18-oxidase deficiency,,,
1089,Hexose-6-phosphate dehydrogenase deficiency,604931,,
1090,ACTH receptor deficiencyMelanocortin-2 receptor deficiency,202200,,
1091,Melanocortin-2 receptor accessory protein deficiency,607398,,
1092,Steroid sulfatase deficiency,308100,,
1093,GATA1 deficiency,,,
1094,Mitochondrial porphyrin transporter deficiency,609153; 615402,,
1095,NADH-cytochrome b5 reductase deficiency,250800,,
1096,Cytochrome b5 deficiency,250790,,
1097,Heme oxygenase 1 deficiency,614034,,
1098,Biliverdin reductase α deficiency,614156,,
1099,Apical bile salt transporter deficiency,613291,,
1100,EPG5 deficiency,242840,,
1101,SNX14 deficiency,616354,,
1102,Spatacsin deficiency,602099; 616668; 604360,,
1103,Spastizin deficiency,270700,,
1104,Adaptor-related protein complex 5 ζ-1 subunit deficiency,613647,,
1105,TECPR2 deficiency,615031,,
1106,TBK1 deficiency,616439,,
1107,RAB7 deficiency,600882,,
1108,Mucolipin 1 deficiency,252650,,
1109,Cathepsin K deficiency,265800,,
1110,Cathepsin C deficiency,245000; 245010,,
1111,Fatty Acyl-CoA reductase 1deficiency,616154,,
1112,Peroxin 5 long isoform deficiency,616716,,
1113,L-bifunctional protein deficiency,615605,,
1114,Sterol carrier protein-2 deficiency,613724,,
1115,Peroxin 11B deficiency,614920,,
1116,Oxalate transporter deficiency,167030,,
1117,Catalase deficiency,614097,,
1118,"α-1,3-glucosidase II subunit β deficiency",174050,,
1119,"α-1,6-fucosyltransferase deficiency",602589,,
1120,"Protein O-mannose β-1,4-N-acetylglucosaminyltransferase deficiency",614830; 618135,,
1121,"β-1,3-galactosaminyltransferase 2 deficiency",615181,,
1122,Protein O-mannose kinase deficiency,616094; 615249,,
1124,"β-1,4-glucuronyltransferase 1 deficiency",615287,,
1125,"β-1,3-glucuronyltransferase/α-1,3-xylosytransferase deficiency",613154; 608840,,
1126,"β-1,3-galactosyltransferase 6 deficiency",271640; 615349,,
1127,"β-1,3-glucuronyltransferase 3 deficiency",245600,,
1128,Exostosin-like glycosyltransferase 3 deficiency,617425,,
1129,Chondroitin 6-sulfotransferase deficiency,143095,,
1130,Dermatan 4-sulfotransferase 1 deficiency,601776,,
1131,Dermatan sulfate epimerase deficiency,615539,,
1132,Corneal N-acetylglucosamine 6-O-sulfotransferase deficiency,217800,,
1133,UDP-galactose nucleotidase deficiency,251450; 617719,,
1134,Sulfate transporter deficiency,226900; 222600; 256050; 600972,,
1135,Phosphoadenosine 5'-phosphosulfate synthetase 2 deficiency,612847,,
1136,Golgi-resident phosphoadenosine phosphate phosphatase deficiency,614078,,
1137,"Core 1 β-1,3-galactosyltransferase chaperone deficiency",300622,,
1138,O-linked N-acetylglucosamine transferase deficiency,300997,,
1139,EGF domain-specific O-linked N-acetylglucosamine transferase deficiency,615297,,
1140,Protein O-fucosyltransferase deficiency,615327,,
1141,PIGA-CDG,300868; 300818,,
1142,PIGQ-CDG,605754,,
1143,PIGL-CDG,280000,,
1144,PIGV-CDG,239300,,
1145,PIGN-CDG,614080,,
1146,PIGO-CDG,614749,,
1147,PIGT-CDG,615398,,
1148,GPAA1-CDG,617810,,
1149,PGAP2-CDG,614207,,
1150,GM2/GD2 synthase deficiency,,,
1151,GD1a/GT1b synthase deficiency,611090,,
1152,GB3 synthase deficiency,111400,,
1153,Glutamine:fructose-6-phosphate transaminase deficiency,610542,,
1154,Glucose-6-phosphatase catalytic subunit 3 deficiency,612541,,
1155,UDP-N-acetylglucosamine transporter deficiency,615553,,
1156,Jagunal 1 deficiency,616022,,
1157,ATP6AP2-CDG,300423,,
1158,N-glycanase 1 deficiency,615273,,
1159,Cationic amino acid transporter 2 deficiency,601872,,
1160,Methionine adenosyltransferase II deficiency,601468,,
1161,Hydroxylysinuria,614681,,
1162,GABA type A receptor α6 subunit deficiency,137143,,
1163,GABA type A receptor δ subunit deficiency,137163,,
1164,Kynurenine-3-hydroxylase deficiency,603538,,
1165,Aminocarboxymuconate semialdehyde decarboxylase superactivity,608889,,
1166,Glutamate decarboxylase 1 deficiency,603513,,
1167,Glutaminase 1 superactivity,138280,,
1168,Ferredoxin 2 deficiency,614585,,
1169,ISD11 deficiency,615595,,
1170,NFS1 deficiency,603485,,
1172,Sodium-dependent multivitamin transporter deficiency,604024,,
1173,Mitochondrial coenzyme A transporter deficiency,610823,,
1174,Intestinal alkaline phosphatase anchoring deficiency,171740,,
1175,Retinol dehydrogenase 11 deficiency,616108,,
1176,Ferritin heavy chain dysregulation,615517,,
1177,KCNA1 deficiency,160120,,
1178,Epidermal growth factor deficiency,611718,,
1179,MAP17 deficiency,607178,,
1180,Sorbitol dehydrogenase deficiency,182500,,
1181,AKT2 deficiency,,,
1182,HOIL1 interacting protein deficiency,612487,,
1183,Mitochondrial phosphoenolpyruvate carboxykinase deficiency,261650,,
1185,Mitochondrial aspartate aminotransferase deficiency,138150,,
1186,Mitochondrial dicarboxylate transporter deficiency,606794,,
1187,CEP89 deficiency,615470,,
1188,Mitochondrial UMP-CMP kinase 2 deficiency,611787,,
1189,Mitochondrial transcription factor A deficiency,617156,,
1190,Mitochondrial poly(A) exoribonuclease deficiency,616519,,
1191,Mitochondrial ribosomal large subunit 12 deficiency,602375,,
1192,Mitochondrial ribosomal small subunit 7 deficiency,617872,,
1193,Mitochondrial ribosomal small subunit 23 deficiency,611985,,
1194,Mitochondrial threonyl-tRNA synthetase deficiency,615918,,
1195,Mitochondrial glutamyl-tRNA(Gln) amidotransferase subunit A deficiency,617209,,
1196,PNPLA4 deficiency,300102,,
1197,YME1L1 deficiency,617302,,
1198,Pitrilysin metallopeptidase 1 deficiency,618211,,
1199,Mitochondrial thioredoxin 2 deficiency,616811,,
1200,Mitochondrial thioredoxin reductase 2 deficiency,617825,,
1201,COQ5 deficiency,616359,,
1202,γ-Butyrobetaine hydroxylase deficiency,603312,,
1203,Long-chain acyl-CoA dehydrogenase deficiency,609576,,
1204,Cytosolic acetyl-CoA carboxylase 1 deficiency,613933,,
1205,Mitochondrial acetyl-CoA carboxylase 2 deficiency,601557,,
1206,3-Hydroxyacyl-CoA dehydratase 1 deficiency,610467,,
1207,Trans-2-enoyl-CoA reductase deficiency,614020,,
1208,Ceramide synthase 1 deficiency,616230,,
1209,Ceramide synthase 2 deficiency,606920,,
1210,Alkaline ceramidase 3 deficiency,617762,,
1211,ZDHHC15 palmitoyltransferase deficiency,300577,,
1212,Hedgehog acyltransferase deficiency,608116,,
1213,"Phosphatidylinositol 4,5-bisphosphate 3-kinase regulatory subunit deficiency",615217,,
1214,"Phosphatidylinositol 4,5-bisphosphate phospholipase C β3 deficiency",600230,,
1215,"Inositol 1,4,5-triphosphate receptor type 2 deficiency",106190,,
1216,Geranylgeranyl pyrophosphate synthase deficiency,606982,,
1217,ATG5 deficiency,617584,,
1218,Chondroitin sulfate N-acetylgalactosaminyltransferase 1 deficiency,616615,,
1219,PIGP-CDG,617599,,
1220,Arginine:glycine amidinotransferase aggregation syndrome,,,
1221,Short-chain dehydrogenase/reductase family 9C member 7 deficiency,617574,,
1222,Retinoic acid hydroxylase CYP26B1 deficiency,614416,,
1223,Mitochondrial ribosomal small subunit 2 deficiency,,,
1224,Mitochondrial glutamyl-tRNA(Gln) amidotransferase subunit B deficiency,603645,,
1225,Mitochondrial glutamyl-tRNA(Gln) amidotransferase subunit C deficiency,617210,,
1226,Mitochondrial processing peptidase β deficiency,617954,,
1227,Ethanolaminephosphotransferase 1 deficiency,607915,,
1228,Sodium-taurocholate cotransporting polypeptide (NTCP) deficiency,182396,,
1229,Acyl-CoA-binding domain-containing protein 5 deficiency,616618,,
1230,Chondroitin 4-sulfotransferase 1 deficiency,610128,,
1231,Glycosylphosphatidylinositol biosynthesis defect 17,618010,,
1232,Adenylate kinase 7 deficiency,615364,,
1234,MICOS complex subunit MIC13 deficiency,616658,,
1235,Thorase deficiency,618011,,
1236,IBA57 deficiency,615330,,
1237,ISCA1 deficiency,617613,,
1238,ISCA2 deficiency,616370,,
1239,ABCB7 deficiency,301310,,
1240,Ferredoxin reductase deficiency,617717,,
1241,Frataxin deficiency,229300,,
1242,Phosphopantothenoylcysteine synthetase deficiency,609853,,
1244,"Very long-chain fatty acid elongase 4 deficiency, neurologic phenotype",133190; 605512,,
1245,"Very long-chain fatty acid elongase 4 deficiency, retinal phenotype",600110,,
1246,Very long-chain fatty acid elongase 5 deficiency,615957,,
1247,Phospholipid-transporting ATPase IB deficiency,615268,,
1248,UDP-glucose ceramide glucosyltransferase deficiency,602874,,
1249,CLPX deficiency,618015,,
1250,Cystinuria type B,220100,,
1251,Maple syrup urine disease type 1b,248600,,
1252,Maple syrup urine disease type 2,248600,,
1253,Propionic acidemia PCCB,232000,,
1254,Glycine encephalopathy due to aminomethyltransferase deficiency,605899,,
1255,Glycine encephalopathy due to H protein deficiency,605899,,
1256,Riboflavin transporter 3 deficiency,614707,,
1257,Electron transfer flavoprotein β subunit deficiency,231680,,
1258,Glycogen storage disease type IXb,261750,,
1259,Glycogen storage disease type IXc,613027,,
1260,"Fumarase deficiency, tumoral phenotype",150800,,
1261,"Succinate dehydrogenase subunit A deficiency, tumoral phenotype",614165,,
1262,Succinate dehydrogenase complex assembly factor 1 deficiency,252011,,
1263,Aromatase superactivity,107910,,
1264,Zellweger spectrum disorders - Peroxin 2 deficiency,614866; 614867,,
1265,Zellweger spectrum disorders - Peroxin 3 deficiency,617370;614882,,
1266,Zellweger spectrum disorders - Peroxin 5 deficiency,214110;202370;616716,,
1267,Zellweger spectrum disorders - Peroxin 6 deficiency,614862;614863;616617,,
1268,Zellweger spectrum disorders - Peroxin 10 deficiency,614870;614871,,
1269,Zellweger spectrum disorders - Peroxin 11B deficiency,614920,,
1270,Zellweger spectrum disorders - Peroxin 12 deficiency,614859;266510,,
1271,Zellweger spectrum disorders - Peroxin 13 deficiency,614883;614885,,
1272,Zellweger spectrum disorders - Peroxin 14 deficiency,614887,,
1273,Zellweger spectrum disorders - Peroxin 16 deficiency,614876;614877,,
1274,Zellweger spectrum disorders - Peroxin 19 deficiency,614886,,
1275,Zellweger spectrum disorders - Peroxin 26 deficiency,614872;614873,,
1276,Sitosterolemia ABCG8,210250;611465,,
1278,Glutaredoxin 5 deficiency,205950,,
1279,Mitochondrial tyrosyl-tRNA synthetase deficiency,613561,,
1280,Cortisone Reductase Deficiency type 2,614662,,
1281,Glucocorticoid suppressible hyperaldosteronism 2,610600;203400,,
1282,Trifunctional protein β subunit deficiency,609015,,
1283,Autosomal dominant hypermethioninemia,250850,,
1284,Methylcrotonylglycinuria type 2,210200,,
1285,Charcot-Marie-Tooth disease type 2Q,204750,,
1286,"Pyrroline-5-carboxylate synthetase deficiency, spastic paraplegia type 9B",219150,,
1287,ATP-sensitive potassium channel regulatory subunit superactivity,600509,,
1288,ATP-sensitive potassium channel pore-forming subunit superactivity,601820,,
1289,Glucokinase deficiency,602485,,
1290,DAPIT deficiency,615204,,
1291,"Phosphocholine cytidylyltransferase 1α deficiency, lipodystrophy phenotype",608940,,
1292,Apolipoprotein E superactivity,269600,,
1293,Lipoprotein glomerulopathy,611771,,
1294,Hereditary apolipoprotein A1-related amyloidosis,105200,,
1295,X-linked spinal and bulbar muscular atrophy,313200,,
1296,Harderoporphyria,121300,,
1297,"Acid ceramidase deficiency, primary neurologic phenotype",228000,,
1299,"Sialuria, French type","600737, 605820",,
1300,Spermidine/spermine N(1)-acetyltransferase overactivity,313020,,
1301,Acylceramide transacylase deficiency,615024,,
1302,Squalene synthase deficiency,184420,,
1303,Estrogen receptor 2 deficiency,601663,,
1304,Heparan sulfate N-deacetylase/N-sulfotransferase 1 deficiency,616116,,
1305,Heparan sulfate 6-O-sulfate transferase 1 deficiency,614880,,
1306,Glycosylphosphatidylinositol class S deficiency,618143,,
1307,"Rett syndrome, all forms",312750,,
1308,Clathrin deficiency,118955,,
1309,Inositol polyphosphate 5-phosphatase K deficiency,617404,,
1310,9-cis-retinoic acid-metabolizing cytochrome deficiency,614974,,
1311,Cathepsin B superactivity,148370,,
1312,Hydroxysteroid sulfotransferase deficiency,617571,,
1313,Chloride channel 2 superactivity,,,
1314,Plasma membrane citrate transporter deficiency,615905,,
1315,SLC10A7 deficiency,615905,,
1316,Cytochrome b561 deficiency,618182,,
1317,Sodium dicarboxylate cotransporter 3 deficiency,606411,,
1318,Plasma membrane citrate transporter (seipin) deficiency,615924; 269700,,
1319,Plasma membrane citrate transporter (seipin) superactivity,600794; 270685,,
1320,NADH dehydrogenase α subcomplex subunit 6 deficiency,252010,,
1321,Conserved oligomeric Golgi complex subunit 4 superactivity,618150,,
1322,Lysophosphatidylinositol acyltransferase 1 deficiency,617188,,
1323,Arylsulfatase G deficiency,618144,,
1324,Glutamate pyruvate transaminase 2 deficiency,616281,,
1325,GOSR2-CDG,614018,,
1326,SLC9A7-CDG,300368,,
1327,Lipase H deficiency,604379,,
1328,Lysophosphatidic acid receptor 6 deficiency,278150,,
1329,Lanostherol synthase deficiency,616509,,
1330,Retinoic acid receptor β deficiency,615524,,
1331,Fucokinase deficiency,,,
1332,Ornithine decarboxylase 1 superactivity,165640,,
1333,Clathrin adaptor protein deficiency,304340,,
1334,Rabenosyn-5 deficiency,609511,,
1335,Fatty acid amide hydrolase 2 deficiency,300654,,
1336,Topoisomerase 3α deficiency,618098,,
1337,SLC6A17 deficiency,616269,,
1338,SLC7A14 deficiency,615725,,
1339,Cytosolic phospholipase A2α deficiency,600522,,
1340,ATP1A1 deficiency,618314,,
1341,TIMMDC1 deficiency,615534,,
1342,UQCC2 deficiency,615824,,
1343,Prolyl tRNA synthetase deficiency,612036,,
1344,ERAL1 deficiency,617565,,
1345,GUF1 deficiency,617065,,
1346,CHCHD10 deficiency,615911; 615048,,
1347,Mercaptopyruvate sulfurtransferase deficiency,602496,,
1348,Mitochondrial ribosomal small subunit 14 deficiency,611978,,
1349,β-xylosidase deficiency,278900,,
1350,Mitochondrial oxodicarboxylate carrier deficiency,607571,,
1351,Aldehyde dehydrogenase 1B1 deficiency,100670,,
1352,Mitochondrial ribosomal small subunit 28 deficiency,611990,,
1353,N-acetylneuraminate pyruvate lyase deficiency,611412,,
1354,Cationic amino acid transporter 3 deficiency,300443,,
1355,Norepinephrine transporter deficiency,604715,,
1356,NADH dehydrogenase β subcomplex subunit 10 deficiency,603843,,
1358,NADH dehydrogenase α subcomplex assembly factor 7 deficiency,615898,,
1359,Cytochrome c oxidase subunit 4I1 deficiency,123864,,
1360,Cytochrome c oxidase subunit 5A deficiency,603773,,
1361,PET117 deficiency,614771,,
1362,Galactose mutarotase deficiency,137030,,
1363,Glutaminase deficiency,618328,,
1364,dUTP pyrophosphatase deficiency,601266,,
1365,Mitochondrial rRNA methyltransferase 2 deficiency,,,
1366,HSPE1 deficiency,600141,,
1367,MICU2 deficiency,610632,,
1368,L-Arabinosuria,,,
1369,Salla disease,604369,,
1371,HSP60 deficiency,612233; 605280,,
1372,Adenine nucleotide translocator deficiency AR,609283,,
1373,SQSTM1 deficiency,601530,,
1374,AP4S1 deficiency,607243,,
1375,AP4B1 deficiency,607245,,
1376,AP4M1 deficiency,602296,,
1377,AP4E1deficiency,607244,,
1378,TBCK deficiency,616899,,
1379,ALS2 deficiency,606352,,
1380,DCTN1 deficiency,601143,,
1382,MTMR14 deficiency,611089,,
1383,CHMP2B deficiency,609512,,
1384,Inosine-5'-triphosphate pyrophosphohydrolase deficiency,147520,,
1385,Methylmalonic aciduria and homocystinuria due to ZNF143 deficiency,,4,
1386,Ronin deficiency,609119,,
1387,X-linked dominant UDP-N-acetylglucosamine transferase catalytic subunit deficiency,300884,,
1388,PIGB deficiency,604122,,
1389,SLC25A11 deficiency,604165,,
1390,Isocitrate dehydrogenase 1 deficiency,147700,,
1391,Nucleoside transporter-1 deficiency,606207,,
1392,D-lactic aciduria,245450,,
1393,Dihydrolipoamide succinyltransferase deficiency,126063,,
1394,Sphingomyelin synthase 2 deficiency,611574,,
1395,Heparan sulfate 6-O-sulfotransferase 2 deficiency,301025,,
1396,"Methylmalonic aciduria and homocystinuria, cblC type, digenic",609831; 176763,,
1397,3’ Repair exonuclease 1 deficiency,610448,,
1398,3’ Repair exonuclease 1 deficiency,192315,,
1399,Ribonuclease H2 subunit C deficiency,610329,,
1400,Ribonuclease H2 subunit A deficiency,610333,,
1401,Sulfide:quinone oxidoreductase deficiency,617658,,
1402,Methylthioadenosine phosphorylase deficiency ,156540,,
1403,"Mitochondrial malate dehydrogenase deficiency, tumoral phenotype	",617339,,
1404,Mitochondrial methionyl-tRNA methyltransferase deficiency,NOP2/Sun methyltransferase 3,70.14,4
1405,"Hyperuricemic nephropathy, familial juvenile 1 ",162000,,
1406,SAMHD1 deficiency,612952,,
1407,RNA-specific adenosine deaminase deficiency,127400,,
1408,MDA5 superactivity,182250,,
1409,DDX58 superactivity,616298,,
1410,ABCC6 deficiency,264800,,
1411,Lysine malabsorption syndrome,247950,,
1412,L-Arabinosuria,,,
1413,Beckwith Wiedemann syndrome,130650,,
1414,Kabuki syndrome,602113; 300867,,
1415,Turner syndrome,,,
1417,AKT3 superactivity,611223,,
1418,Sotos syndrome,117550;617169,,
1419,Timothy syndrome,601005,,
1420,"PASNA : Primary aldosteronism, , seizures, and neurologic abnormalities",615474,,
1421,MSSGM1 deficiency,616013,,
1422,Costello syndrome,218040,,
1423,Perlmann syndrome,267000,,
1424,Simpson-Golabi-Behmel syndrome,312870,,
1425,FOXA2 deficiency,600288,,
1426,Ondine syndrome,209880,,
1427,Mitochondrial Depletion Syndrome 4B ,613662,,
1428,Progressive external ophthalmoplegia 1,607459,,
